frame,time,x,y,z
0,0.0,-0.4715,-0.0591,0.0467
1,0.033,-0.4663,-0.0612,0.0464
2,0.067,-0.4579,-0.0657,0.0457
3,0.1,-0.4461,-0.0721,0.0441
4,0.133,-0.4306,-0.0802,0.0423
5,0.167,-0.413,-0.0892,0.0402
6,0.2,-0.3931,-0.0987,0.037
7,0.233,-0.3704,-0.1088,0.0331
8,0.267,-0.3464,-0.1184,0.0295
9,0.3,-0.3232,-0.1266,0.0269
10,0.333,-0.3027,-0.133,0.0259
11,0.367,-0.2863,-0.1376,0.026
12,0.4,-0.2746,-0.1409,0.0265
13,0.433,-0.2677,-0.1431,0.0269
14,0.467,-0.2683,-0.144,0.027
15,0.5,-0.2724,-0.1441,0.0269
16,0.533,-0.278,-0.1437,0.0271
17,0.567,-0.2835,-0.1428,0.0276
18,0.6,-0.2895,-0.1416,0.0287
19,0.633,-0.2951,-0.1403,0.0303
20,0.667,-0.3,-0.1393,0.0323
21,0.7,-0.3051,-0.1385,0.0343
22,0.733,-0.3105,-0.1377,0.0362
23,0.767,-0.317,-0.1362,0.0381
24,0.8,-0.3273,-0.133,0.0403
25,0.833,-0.3413,-0.1279,0.0419
26,0.867,-0.3597,-0.1208,0.0431
27,0.9,-0.3832,-0.111,0.0436
28,0.933,-0.4103,-0.0984,0.0434
29,0.967,-0.4393,-0.0836,0.042
30,1.0,-0.469,-0.0665,0.0402
31,1.033,-0.4981,-0.0472,0.0381
32,1.067,-0.5259,-0.0259,0.0361
33,1.1,-0.5517,-0.0029,0.034
34,1.133,-0.5757,0.0218,0.0319
35,1.167,-0.598,0.0479,0.0296
36,1.2,-0.6184,0.0752,0.0277
37,1.233,-0.638,0.1043,0.0261
38,1.267,-0.6557,0.1338,0.0242
39,1.3,-0.6715,0.1634,0.0228
40,1.333,-0.6853,0.1929,0.0223
41,1.367,-0.697,0.2216,0.0223
42,1.4,-0.7065,0.2488,0.0227
43,1.433,-0.7142,0.2747,0.0235
44,1.467,-0.7205,0.2994,0.0242
45,1.5,-0.7254,0.3225,0.0249
46,1.533,-0.7293,0.344,0.0255
47,1.567,-0.7326,0.3647,0.0261
48,1.6,-0.7357,0.3864,0.0265
49,1.633,-0.7385,0.4092,0.0265
50,1.667,-0.7409,0.4335,0.0258
51,1.7,-0.7426,0.4592,0.0247
52,1.733,-0.7432,0.4859,0.023
53,1.767,-0.7428,0.5128,0.0209
54,1.8,-0.7411,0.539,0.0188
55,1.833,-0.7383,0.5647,0.0161
56,1.867,-0.7345,0.5893,0.0135
57,1.9,-0.7298,0.6127,0.0108
58,1.933,-0.7245,0.6341,0.008
59,1.967,-0.7187,0.6535,0.0055
60,2.0,-0.7129,0.6708,0.0038
61,2.033,-0.7069,0.6863,0.0025
62,2.067,-0.7011,0.7005,0.0011
63,2.1,-0.6955,0.7135,-0.0003
64,2.133,-0.6898,0.7258,-0.0016
65,2.167,-0.6841,0.7377,-0.0024
66,2.2,-0.6783,0.7487,-0.0032
67,2.233,-0.6726,0.759,-0.0039
68,2.267,-0.6672,0.7682,-0.0046
69,2.3,-0.6617,0.7772,-0.0056
70,2.333,-0.6564,0.7861,-0.007
71,2.367,-0.651,0.7947,-0.0086
72,2.4,-0.6454,0.8035,-0.01
73,2.433,-0.6397,0.8121,-0.0112
74,2.467,-0.6336,0.8207,-0.0124
75,2.5,-0.6273,0.8294,-0.0134
76,2.533,-0.6207,0.838,-0.0143
77,2.567,-0.6137,0.8468,-0.0149
78,2.6,-0.6064,0.8556,-0.0149
79,2.633,-0.5985,0.8648,-0.0145
80,2.667,-0.5905,0.8738,-0.0139
81,2.7,-0.582,0.883,-0.013
82,2.733,-0.573,0.8923,-0.0117
83,2.767,-0.564,0.9015,-0.0099
84,2.8,-0.5552,0.9098,-0.0077
85,2.833,-0.5467,0.9175,-0.0054
86,2.867,-0.5386,0.9248,-0.0035
87,2.9,-0.5308,0.9317,-0.0018
88,2.933,-0.5233,0.9382,0.0
89,2.967,-0.5161,0.9442,0.0019
90,3.0,-0.509,0.9496,0.0033
91,3.033,-0.5025,0.9546,0.005
92,3.067,-0.496,0.9595,0.0064
93,3.1,-0.4899,0.9639,0.0079
94,3.133,-0.4842,0.9678,0.009
95,3.167,-0.4793,0.9712,0.01
96,3.2,-0.4751,0.9739,0.0112
97,3.233,-0.4717,0.976,0.0125
98,3.267,-0.4695,0.9772,0.0138
99,3.3,-0.4683,0.9776,0.0152
100,3.333,-0.4684,0.9771,0.0163
101,3.367,-0.4699,0.976,0.0175
102,3.4,-0.4724,0.9742,0.0184
103,3.433,-0.4759,0.9717,0.0188
104,3.467,-0.4804,0.9685,0.0188
105,3.5,-0.4863,0.9648,0.0183
106,3.533,-0.4932,0.9599,0.0169
107,3.567,-0.5015,0.9539,0.0151
108,3.6,-0.5113,0.9467,0.0129
109,3.633,-0.5224,0.9379,0.0105
110,3.667,-0.5345,0.9277,0.008
111,3.7,-0.5475,0.9164,0.0056
112,3.733,-0.5609,0.904,0.0031
113,3.767,-0.5747,0.8902,0.0009
114,3.8,-0.5888,0.8749,-0.0011
115,3.833,-0.6031,0.8583,-0.0029
116,3.867,-0.6174,0.8405,-0.0044
117,3.9,-0.6314,0.8215,-0.0056
118,3.933,-0.6454,0.8009,-0.0065
119,3.967,-0.6591,0.7787,-0.0068
120,4.0,-0.6722,0.755,-0.0065
121,4.033,-0.6847,0.7298,-0.0059
122,4.067,-0.6965,0.7031,-0.0053
123,4.1,-0.7077,0.6746,-0.0042
124,4.133,-0.7179,0.6442,-0.003
125,4.167,-0.7271,0.6115,-0.0017
126,4.2,-0.7348,0.5773,-0.0004
127,4.233,-0.7408,0.5418,0.0012
128,4.267,-0.7451,0.5056,0.0028
129,4.3,-0.7476,0.4683,0.0045
130,4.333,-0.748,0.43,0.0064
131,4.367,-0.7457,0.3904,0.0089
132,4.4,-0.7408,0.3496,0.0115
133,4.433,-0.733,0.3087,0.014
134,4.467,-0.7222,0.2674,0.0159
135,4.5,-0.7081,0.2257,0.0176
136,4.533,-0.691,0.1851,0.0193
137,4.567,-0.6709,0.1452,0.0204
138,4.6,-0.6479,0.1066,0.0217
139,4.633,-0.6229,0.0707,0.0231
140,4.667,-0.5958,0.0376,0.0245
141,4.7,-0.567,0.0072,0.0263
142,4.733,-0.5384,-0.0187,0.0283
143,4.767,-0.5106,-0.0406,0.0305
144,4.8,-0.4834,-0.0594,0.0326
145,4.833,-0.4584,-0.0747,0.035
146,4.867,-0.4346,-0.0874,0.0375
147,4.9,-0.4125,-0.0977,0.04
148,4.933,-0.3923,-0.106,0.042
149,4.967,-0.3733,-0.113,0.0432
150,5.0,-0.3555,-0.1189,0.044
151,5.033,-0.339,-0.1239,0.0444
152,5.067,-0.3238,-0.1282,0.0446
153,5.1,-0.3104,-0.1318,0.0447
154,5.133,-0.2984,-0.1349,0.0449
155,5.167,-0.2883,-0.1371,0.0456
156,5.2,-0.2805,-0.1386,0.0467
157,5.233,-0.275,-0.1392,0.0482
158,5.267,-0.272,-0.1393,0.0497
159,5.3,-0.2699,-0.1393,0.0509
160,5.333,-0.2687,-0.1392,0.0518
161,5.367,-0.2681,-0.1392,0.0526
162,5.4,-0.2678,-0.1393,0.0529
163,5.433,-0.2672,-0.1395,0.0523
164,5.467,-0.2663,-0.1399,0.051
165,5.5,-0.2662,-0.1402,0.05
166,5.533,-0.2663,-0.1404,0.0491
167,5.567,-0.2669,-0.1404,0.0484
168,5.6,-0.2678,-0.1403,0.0484
169,5.633,-0.2679,-0.1401,0.0486
170,5.667,-0.2682,-0.1399,0.0491
171,5.7,-0.2682,-0.1397,0.0494
172,5.733,-0.2676,-0.1397,0.0491
173,5.767,-0.2671,-0.1399,0.0486
174,5.8,-0.2668,-0.1399,0.0482
175,5.833,-0.267,-0.14,0.0479
176,5.867,-0.2675,-0.1402,0.0476
177,5.9,-0.2691,-0.1403,0.0475
178,5.933,-0.2714,-0.1402,0.048
179,5.967,-0.2739,-0.1402,0.0486
180,6.0,-0.2781,-0.1398,0.0493
181,6.033,-0.2847,-0.139,0.0498
182,6.067,-0.2934,-0.1375,0.0497
183,6.1,-0.3042,-0.1351,0.0492
184,6.133,-0.3166,-0.1314,0.0487
185,6.167,-0.3306,-0.127,0.0479
186,6.2,-0.3467,-0.1216,0.0472
187,6.233,-0.3652,-0.1152,0.0462
188,6.267,-0.3861,-0.1073,0.0447
189,6.3,-0.4092,-0.0976,0.0433
190,6.333,-0.4341,-0.0856,0.0423
191,6.367,-0.4597,-0.0715,0.0422
192,6.4,-0.4859,-0.0551,0.0429
193,6.433,-0.5119,-0.0367,0.0442
194,6.467,-0.5369,-0.0167,0.0452
195,6.5,-0.5606,0.0044,0.0463
196,6.533,-0.5822,0.0258,0.0466
197,6.567,-0.6014,0.0468,0.0465
198,6.6,-0.6175,0.0664,0.0454
199,6.633,-0.6312,0.0846,0.0444
200,6.667,-0.6429,0.1013,0.0432
201,6.7,-0.6536,0.1173,0.0421
202,6.733,-0.6639,0.1336,0.0411
203,6.767,-0.6735,0.15,0.0402
204,6.8,-0.6822,0.1664,0.0394
205,6.833,-0.6899,0.1826,0.0385
206,6.867,-0.6968,0.1983,0.0379
207,6.9,-0.7032,0.2141,0.037
208,6.933,-0.7099,0.2306,0.0362
209,6.967,-0.7165,0.2487,0.0359
210,7.0,-0.7227,0.2679,0.0361
211,7.033,-0.7284,0.2884,0.0377
212,7.067,-0.7337,0.3107,0.0397
213,7.1,-0.7386,0.3345,0.0419
214,7.133,-0.743,0.3598,0.0437
215,7.167,-0.7465,0.3863,0.0454
216,7.2,-0.7487,0.4131,0.0466
217,7.233,-0.7496,0.4393,0.0474
218,7.267,-0.7495,0.4646,0.0477
219,7.3,-0.7484,0.4887,0.0473
220,7.333,-0.7466,0.5119,0.0462
221,7.367,-0.744,0.5346,0.0445
222,7.4,-0.7409,0.5566,0.0421
223,7.433,-0.7369,0.5782,0.0394
224,7.467,-0.7323,0.599,0.0364
225,7.5,-0.7271,0.6193,0.0332
226,7.533,-0.7214,0.6386,0.0299
227,7.567,-0.7154,0.6573,0.0265
228,7.6,-0.709,0.6752,0.0231
229,7.633,-0.7023,0.692,0.0199
230,7.667,-0.6955,0.7077,0.017
231,7.7,-0.6889,0.7222,0.0147
232,7.733,-0.682,0.7357,0.0128
233,7.767,-0.6751,0.7486,0.0115
234,7.8,-0.6682,0.7609,0.0107
235,7.833,-0.6613,0.7727,0.0105
236,7.867,-0.6545,0.7838,0.0106
237,7.9,-0.6477,0.7943,0.0112
238,7.933,-0.641,0.8041,0.0122
239,7.967,-0.6342,0.8139,0.0133
240,8.0,-0.627,0.8238,0.0148
241,8.033,-0.6195,0.8338,0.0165
242,8.067,-0.6115,0.8438,0.0184
243,8.1,-0.6032,0.8538,0.0206
244,8.133,-0.5942,0.8637,0.0233
245,8.167,-0.5847,0.8738,0.0262
246,8.2,-0.5748,0.8839,0.0292
247,8.233,-0.5644,0.8941,0.032
248,8.267,-0.5535,0.9045,0.0346
249,8.3,-0.5423,0.9147,0.0371
250,8.333,-0.5312,0.9246,0.0394
251,8.367,-0.5198,0.9341,0.0414
252,8.4,-0.5087,0.943,0.0434
253,8.433,-0.4978,0.9515,0.0452
254,8.467,-0.487,0.9596,0.0468
255,8.5,-0.4766,0.967,0.0483
256,8.533,-0.4666,0.9735,0.0496
257,8.567,-0.4572,0.9795,0.0508
258,8.6,-0.4486,0.9846,0.052
259,8.633,-0.4407,0.9891,0.053
260,8.667,-0.4339,0.9931,0.0539
261,8.7,-0.4282,0.9962,0.0549
262,8.733,-0.4237,0.9983,0.0561
263,8.767,-0.421,0.9995,0.0572
264,8.8,-0.4201,0.9998,0.0582
265,8.833,-0.4207,0.9991,0.0591
266,8.867,-0.4234,0.9974,0.0598
267,8.9,-0.4284,0.9942,0.0604
268,8.933,-0.4359,0.9899,0.0605
269,8.967,-0.4456,0.9838,0.0604
270,9.0,-0.4578,0.9758,0.0596
271,9.033,-0.4719,0.9662,0.0581
272,9.067,-0.4879,0.9549,0.056
273,9.1,-0.5052,0.9419,0.0534
274,9.133,-0.5236,0.9271,0.0505
275,9.167,-0.5426,0.9103,0.0476
276,9.2,-0.5623,0.8911,0.045
277,9.233,-0.5824,0.8695,0.0429
278,9.267,-0.6025,0.8455,0.0412
279,9.3,-0.622,0.819,0.0398
280,9.333,-0.641,0.7901,0.0385
281,9.367,-0.6591,0.759,0.0373
282,9.4,-0.6762,0.725,0.0362
283,9.433,-0.6923,0.6881,0.0349
284,9.467,-0.7066,0.6486,0.0336
285,9.5,-0.719,0.6069,0.0323
286,9.533,-0.729,0.5632,0.0304
287,9.567,-0.7362,0.5183,0.0286
288,9.6,-0.7401,0.4726,0.0267
289,9.633,-0.7406,0.4257,0.0247
290,9.667,-0.7376,0.3787,0.0232
291,9.7,-0.7309,0.3317,0.0219
292,9.733,-0.7207,0.2852,0.021
293,9.767,-0.7071,0.2398,0.0205
294,9.8,-0.6905,0.1965,0.0205
295,9.833,-0.6711,0.1552,0.021
296,9.867,-0.6492,0.1163,0.0213
297,9.9,-0.6253,0.0802,0.0217
298,9.933,-0.6001,0.0473,0.0224
299,9.967,-0.5745,0.018,0.0232
300,10.0,-0.5492,-0.0079,0.0241
301,10.033,-0.5241,-0.0308,0.0254
302,10.067,-0.4998,-0.0502,0.0272
303,10.1,-0.4763,-0.0668,0.0291
304,10.133,-0.4533,-0.0812,0.0311
305,10.167,-0.431,-0.0938,0.0337
306,10.2,-0.4101,-0.1041,0.0365
307,10.233,-0.3909,-0.1126,0.0393
308,10.267,-0.374,-0.1196,0.0416
309,10.3,-0.3593,-0.1252,0.0438
310,10.333,-0.3462,-0.1294,0.0461
311,10.367,-0.3343,-0.1325,0.0489
312,10.4,-0.3236,-0.1348,0.0521
313,10.433,-0.314,-0.1365,0.0559
314,10.467,-0.3053,-0.1379,0.0599
315,10.5,-0.2979,-0.1387,0.0638
316,10.533,-0.2923,-0.1389,0.0675
317,10.567,-0.2885,-0.1387,0.0708
318,10.6,-0.2863,-0.1385,0.0735
319,10.633,-0.2847,-0.1383,0.075
320,10.667,-0.2838,-0.1383,0.0756
321,10.7,-0.2834,-0.1385,0.0753
322,10.733,-0.2834,-0.1389,0.0744
323,10.767,-0.2828,-0.1393,0.0732
324,10.8,-0.2815,-0.14,0.0718
325,10.833,-0.2803,-0.1407,0.0703
326,10.867,-0.2796,-0.1411,0.0691
327,10.9,-0.2794,-0.1413,0.0684
328,10.933,-0.2796,-0.1413,0.068
329,10.967,-0.2802,-0.1412,0.0676
330,11.0,-0.2811,-0.141,0.0673
331,11.033,-0.2824,-0.1408,0.0668
332,11.067,-0.2841,-0.1406,0.0664
333,11.1,-0.2871,-0.1401,0.0658
334,11.133,-0.2917,-0.1393,0.0651
335,11.167,-0.2979,-0.1381,0.0642
336,11.2,-0.3057,-0.1363,0.0632
337,11.233,-0.3154,-0.1339,0.0624
338,11.267,-0.3269,-0.1307,0.0616
339,11.3,-0.3413,-0.1266,0.0608
340,11.333,-0.3581,-0.1214,0.0596
341,11.367,-0.3773,-0.1147,0.0582
342,11.4,-0.3983,-0.1065,0.0563
343,11.433,-0.4206,-0.0969,0.0539
344,11.467,-0.4436,-0.0856,0.0513
345,11.5,-0.4671,-0.0727,0.0487
346,11.533,-0.4911,-0.0579,0.0462
347,11.567,-0.5159,-0.0409,0.0439
348,11.6,-0.5416,-0.0209,0.0416
349,11.633,-0.5684,0.0027,0.039
350,11.667,-0.5953,0.0296,0.0363
351,11.7,-0.6221,0.0602,0.0336
352,11.733,-0.6485,0.0948,0.0308
353,11.767,-0.673,0.1321,0.028
354,11.8,-0.6948,0.1715,0.0251
355,11.833,-0.7134,0.212,0.0222
356,11.867,-0.7282,0.252,0.0192
357,11.9,-0.7397,0.2914,0.0162
358,11.933,-0.748,0.3287,0.0134
359,11.967,-0.7537,0.3641,0.0109
360,12.0,-0.7573,0.3976,0.0085
361,12.033,-0.7595,0.4302,0.006
362,12.067,-0.7601,0.462,0.0038
363,12.1,-0.7592,0.4938,0.0019
364,12.133,-0.7567,0.5247,0.0005
365,12.167,-0.7526,0.5545,-0.0004
366,12.2,-0.7472,0.5827,-0.0006
367,12.233,-0.7407,0.609,-0.0002
368,12.267,-0.7334,0.6335,0.0006
369,12.3,-0.7255,0.6566,0.0012
370,12.333,-0.7175,0.6779,0.0019
371,12.367,-0.7095,0.6971,0.0028
372,12.4,-0.7016,0.715,0.0038
373,12.433,-0.6937,0.7314,0.005
374,12.467,-0.6856,0.7469,0.0063
375,12.5,-0.6771,0.762,0.0076
376,12.533,-0.668,0.777,0.0095
377,12.567,-0.6584,0.7916,0.0116
378,12.6,-0.6483,0.806,0.0138
379,12.633,-0.6378,0.8202,0.0159
380,12.667,-0.6269,0.8341,0.0178
381,12.7,-0.6159,0.8476,0.0194
382,12.733,-0.6047,0.8607,0.021
383,12.767,-0.5933,0.8734,0.0223
384,12.8,-0.5814,0.8861,0.0234
385,12.833,-0.5689,0.8986,0.0245
386,12.867,-0.5559,0.9109,0.026
387,12.9,-0.5421,0.9229,0.0281
388,12.933,-0.5275,0.9347,0.0313
389,12.967,-0.5122,0.946,0.0353
390,13.0,-0.4963,0.9566,0.0404
391,13.033,-0.4797,0.9662,0.0462
392,13.067,-0.4629,0.9748,0.0525
393,13.1,-0.4465,0.9824,0.0591
394,13.133,-0.4309,0.989,0.0654
395,13.167,-0.417,0.9946,0.0712
396,13.2,-0.4055,0.9988,0.0766
397,13.233,-0.3974,1.0014,0.0809
398,13.267,-0.3934,1.0024,0.0843
399,13.3,-0.393,1.0019,0.0862
400,13.333,-0.3964,1.0002,0.0871
401,13.367,-0.4031,0.9974,0.0867
402,13.4,-0.4126,0.9936,0.085
403,13.433,-0.424,0.9891,0.0818
404,13.467,-0.4369,0.9837,0.0773
405,13.5,-0.4518,0.977,0.072
406,13.533,-0.4677,0.9689,0.0661
407,13.567,-0.485,0.959,0.0599
408,13.6,-0.5037,0.947,0.0536
409,13.633,-0.5236,0.9326,0.0477
410,13.667,-0.5447,0.9153,0.0422
411,13.7,-0.5665,0.8953,0.0374
412,13.733,-0.5889,0.8728,0.0329
413,13.767,-0.6115,0.8474,0.0288
414,13.8,-0.6341,0.8187,0.0258
415,13.833,-0.6561,0.7865,0.0226
416,13.867,-0.6773,0.7508,0.0198
417,13.9,-0.6971,0.7117,0.0166
418,13.933,-0.7146,0.6697,0.0134
419,13.967,-0.7296,0.6255,0.0104
420,14.0,-0.7418,0.5797,0.007
421,14.033,-0.7507,0.5332,0.003
422,14.067,-0.7563,0.4866,-0.0011
423,14.1,-0.7585,0.4395,-0.0051
424,14.133,-0.7572,0.3928,-0.0091
425,14.167,-0.7522,0.3464,-0.0125
426,14.2,-0.7438,0.3004,-0.0155
427,14.233,-0.7319,0.256,-0.0176
428,14.267,-0.7168,0.2127,-0.0189
429,14.3,-0.698,0.1705,-0.0186
430,14.333,-0.6767,0.1306,-0.017
431,14.367,-0.6526,0.0929,-0.0137
432,14.4,-0.626,0.0576,-0.0104
433,14.433,-0.5971,0.0249,-0.0062
434,14.467,-0.5674,-0.0042,-0.0013
435,14.5,-0.5365,-0.0302,0.0043
436,14.533,-0.5054,-0.0526,0.01
437,14.567,-0.4757,-0.0716,0.0164
438,14.6,-0.4484,-0.0867,0.0231
439,14.633,-0.4236,-0.0989,0.0295
440,14.667,-0.4022,-0.1084,0.0352
441,14.7,-0.3843,-0.1157,0.0405
442,14.733,-0.3693,-0.1215,0.0455
443,14.767,-0.3566,-0.1259,0.0501
444,14.8,-0.3457,-0.1295,0.0547
445,14.833,-0.3356,-0.1327,0.0588
446,14.867,-0.3259,-0.1358,0.0621
447,14.9,-0.3167,-0.1385,0.0644
448,14.933,-0.3079,-0.1408,0.0662
449,14.967,-0.2997,-0.1429,0.0674
450,15.0,-0.2919,-0.1446,0.0684
451,15.033,-0.2852,-0.1459,0.0693
452,15.067,-0.2801,-0.1465,0.0709
453,15.1,-0.2767,-0.1467,0.0725
454,15.133,-0.2752,-0.1465,0.0741
455,15.167,-0.2759,-0.1459,0.0755
456,15.2,-0.2773,-0.1455,0.0763
457,15.233,-0.2799,-0.145,0.0766
458,15.267,-0.2831,-0.1446,0.0759
459,15.3,-0.2869,-0.1443,0.0745
460,15.333,-0.2915,-0.1441,0.0723
461,15.367,-0.2968,-0.1438,0.0697
462,15.4,-0.3034,-0.1431,0.0667
463,15.433,-0.3125,-0.1419,0.0641
464,15.467,-0.3247,-0.1395,0.0622
465,15.5,-0.34,-0.1358,0.061
466,15.533,-0.3585,-0.1301,0.0609
467,15.567,-0.3808,-0.1216,0.062
468,15.6,-0.407,-0.1097,0.0639
469,15.633,-0.4364,-0.0944,0.0664
470,15.667,-0.4684,-0.075,0.069
471,15.7,-0.502,-0.0518,0.0712
472,15.733,-0.5361,-0.0248,0.0729
473,15.767,-0.5693,0.0056,0.0739
474,15.8,-0.6002,0.0388,0.0742
475,15.833,-0.629,0.0752,0.0742
476,15.867,-0.6549,0.1139,0.0747
477,15.9,-0.6778,0.1552,0.0757
478,15.933,-0.6976,0.1983,0.0764
479,15.967,-0.7143,0.2429,0.0766
480,16.0,-0.7278,0.2889,0.0761
481,16.033,-0.7378,0.3351,0.0747
482,16.067,-0.7445,0.381,0.0724
483,16.1,-0.7477,0.4252,0.0695
484,16.133,-0.7479,0.4681,0.0662
485,16.167,-0.7455,0.5085,0.0629
486,16.2,-0.7406,0.547,0.0595
487,16.233,-0.7337,0.5833,0.0563
488,16.267,-0.7252,0.6178,0.0527
489,16.3,-0.7155,0.6499,0.0492
490,16.333,-0.7048,0.6803,0.0453
491,16.367,-0.6933,0.7089,0.0409
492,16.4,-0.6812,0.736,0.0362
493,16.433,-0.6683,0.7616,0.0316
494,16.467,-0.6547,0.7857,0.0275
495,16.5,-0.6406,0.8082,0.0241
496,16.533,-0.6258,0.8292,0.0215
497,16.567,-0.611,0.8484,0.02
498,16.6,-0.5961,0.8661,0.0191
499,16.633,-0.5814,0.882,0.0186
500,16.667,-0.5674,0.8962,0.0186
501,16.7,-0.5538,0.9091,0.019
502,16.733,-0.5405,0.9212,0.0193
503,16.767,-0.5274,0.9325,0.0197
504,16.8,-0.5143,0.9433,0.0201
505,16.833,-0.5011,0.9536,0.0208
506,16.867,-0.4877,0.9633,0.0215
507,16.9,-0.4745,0.9723,0.0223
508,16.933,-0.4615,0.9806,0.0228
509,16.967,-0.4488,0.9885,0.0228
510,17.0,-0.4364,0.9958,0.0224
511,17.033,-0.4246,1.0024,0.0223
512,17.067,-0.4134,1.0083,0.0222
513,17.1,-0.4031,1.0135,0.022
514,17.133,-0.3941,1.0176,0.022
515,17.167,-0.3867,1.0208,0.0222
516,17.2,-0.3816,1.0227,0.0225
517,17.233,-0.3796,1.0232,0.0231
518,17.267,-0.3807,1.0225,0.0234
519,17.3,-0.3847,1.0205,0.0237
520,17.333,-0.3915,1.0173,0.0237
521,17.367,-0.4008,1.0127,0.0237
522,17.4,-0.4126,1.0066,0.0236
523,17.433,-0.4265,0.999,0.0237
524,17.467,-0.4426,0.9894,0.0242
525,17.5,-0.461,0.9774,0.0252
526,17.533,-0.481,0.9634,0.0262
527,17.567,-0.5028,0.9468,0.0276
528,17.6,-0.5259,0.9274,0.0291
529,17.633,-0.5497,0.9051,0.0307
530,17.667,-0.574,0.8802,0.0327
531,17.7,-0.5982,0.8524,0.0346
532,17.733,-0.6218,0.8218,0.0364
533,17.767,-0.6445,0.7882,0.0379
534,17.8,-0.6658,0.7523,0.0389
535,17.833,-0.6851,0.7142,0.039
536,17.867,-0.7022,0.674,0.0391
537,17.9,-0.7167,0.6324,0.0387
538,17.933,-0.7286,0.5892,0.0379
539,17.967,-0.7375,0.5443,0.037
540,18.0,-0.743,0.4984,0.0363
541,18.033,-0.7452,0.4521,0.0357
542,18.067,-0.744,0.4061,0.0351
543,18.1,-0.7395,0.3605,0.0346
544,18.133,-0.7318,0.3158,0.0343
545,18.167,-0.721,0.2719,0.0342
546,18.2,-0.7071,0.2294,0.0342
547,18.233,-0.6904,0.1887,0.0345
548,18.267,-0.6707,0.1498,0.0355
549,18.3,-0.648,0.1129,0.0365
550,18.333,-0.6232,0.0777,0.0377
551,18.367,-0.596,0.0447,0.0394
552,18.4,-0.5671,0.0145,0.041
553,18.433,-0.5374,-0.0125,0.0431
554,18.467,-0.5074,-0.0364,0.0451
555,18.5,-0.4778,-0.057,0.0476
556,18.533,-0.4499,-0.0739,0.0503
557,18.567,-0.4247,-0.0871,0.0535
558,18.6,-0.4025,-0.0972,0.0569
559,18.633,-0.3831,-0.105,0.0609
560,18.667,-0.3664,-0.1109,0.0654
561,18.7,-0.3524,-0.1152,0.0701
562,18.733,-0.3408,-0.1183,0.0742
563,18.767,-0.3317,-0.1204,0.0777
564,18.8,-0.3244,-0.1222,0.0799
565,18.833,-0.3185,-0.1239,0.0811
566,18.867,-0.3135,-0.1253,0.0819
567,18.9,-0.309,-0.1267,0.0822
568,18.933,-0.3048,-0.1279,0.0825
569,18.967,-0.3007,-0.129,0.0824
570,19.0,-0.2968,-0.1299,0.0822
571,19.033,-0.2932,-0.1305,0.0819
572,19.067,-0.2902,-0.1311,0.0813
573,19.1,-0.2883,-0.1314,0.0809
574,19.133,-0.2879,-0.1313,0.0806
575,19.167,-0.2892,-0.1309,0.0805
576,19.2,-0.2923,-0.1303,0.0802
577,19.233,-0.297,-0.1295,0.0795
578,19.267,-0.3032,-0.1283,0.0785
579,19.3,-0.3107,-0.1267,0.0768
580,19.333,-0.3193,-0.1249,0.0743
581,19.367,-0.3296,-0.1226,0.072
582,19.4,-0.3429,-0.1193,0.0699
583,19.433,-0.3594,-0.1144,0.0681
584,19.467,-0.3789,-0.1078,0.0665
585,19.5,-0.4008,-0.0992,0.0655
586,19.533,-0.4241,-0.0883,0.0654
587,19.567,-0.4482,-0.0753,0.066
588,19.6,-0.473,-0.0604,0.0673
589,19.633,-0.4975,-0.0436,0.0692
590,19.667,-0.5216,-0.0249,0.0714
591,19.7,-0.5452,-0.0045,0.0736
592,19.733,-0.5678,0.0173,0.0758
593,19.767,-0.5895,0.0405,0.0778
594,19.8,-0.6099,0.0649,0.0795
595,19.833,-0.6292,0.0907,0.0811
596,19.867,-0.647,0.1172,0.0823
597,19.9,-0.6635,0.1448,0.0835
598,19.933,-0.6782,0.1729,0.0843
599,19.967,-0.6915,0.2018,0.0852
600,20.0,-0.7031,0.2313,0.0858
601,20.033,-0.7131,0.261,0.0862
602,20.067,-0.7212,0.2906,0.0866
603,20.1,-0.7276,0.3197,0.0868
604,20.133,-0.7325,0.348,0.0868
605,20.167,-0.7359,0.3752,0.0867
606,20.2,-0.738,0.4013,0.0866
607,20.233,-0.739,0.4265,0.0865
608,20.267,-0.739,0.4509,0.0865
609,20.3,-0.738,0.4749,0.0865
610,20.333,-0.7362,0.4986,0.0864
611,20.367,-0.7337,0.5225,0.0864
612,20.4,-0.7303,0.5467,0.0862
613,20.433,-0.7261,0.5713,0.0858
614,20.467,-0.7209,0.5962,0.0851
615,20.5,-0.7146,0.6212,0.0843
616,20.533,-0.7073,0.6458,0.0835
617,20.567,-0.6988,0.6701,0.0825
618,20.6,-0.6894,0.694,0.0813
619,20.633,-0.6791,0.7173,0.08
620,20.667,-0.668,0.7398,0.0787
621,20.7,-0.6561,0.7616,0.0776
622,20.733,-0.6435,0.7822,0.0766
623,20.767,-0.6304,0.8019,0.076
624,20.8,-0.6169,0.8206,0.0754
625,20.833,-0.6031,0.8381,0.075
626,20.867,-0.5892,0.8547,0.0746
627,20.9,-0.5754,0.8701,0.0746
628,20.933,-0.5617,0.8843,0.075
629,20.967,-0.5479,0.8976,0.0756
630,21.0,-0.5341,0.9101,0.0765
631,21.033,-0.5201,0.922,0.0774
632,21.067,-0.5061,0.9334,0.0786
633,21.1,-0.4915,0.9442,0.0797
634,21.133,-0.477,0.9546,0.0805
635,21.167,-0.4623,0.9645,0.0811
636,21.2,-0.4477,0.9739,0.0815
637,21.233,-0.4334,0.9828,0.0816
638,21.267,-0.4196,0.9908,0.0814
639,21.3,-0.4067,0.998,0.0808
640,21.333,-0.3948,1.0046,0.0797
641,21.367,-0.3838,1.0105,0.0784
642,21.4,-0.3742,1.0154,0.0767
643,21.433,-0.3662,1.0193,0.0745
644,21.467,-0.3608,1.0217,0.0728
645,21.5,-0.3586,1.0224,0.0717
646,21.533,-0.3602,1.0216,0.071
647,21.567,-0.3656,1.0193,0.0707
648,21.6,-0.3741,1.0155,0.0703
649,21.633,-0.3858,1.0102,0.0697
650,21.667,-0.4002,1.0033,0.0687
651,21.7,-0.4172,0.9948,0.0667
652,21.733,-0.4369,0.9842,0.0638
653,21.767,-0.4589,0.9712,0.0598
654,21.8,-0.4827,0.9558,0.0549
655,21.833,-0.5079,0.9379,0.0494
656,21.867,-0.5339,0.9168,0.0441
657,21.9,-0.5602,0.8926,0.0392
658,21.933,-0.5864,0.865,0.035
659,21.967,-0.6122,0.8338,0.0315
660,22.0,-0.6368,0.7989,0.0285
661,22.033,-0.6601,0.7609,0.026
662,22.067,-0.6809,0.7212,0.0238
663,22.1,-0.6988,0.68,0.0227
664,22.133,-0.7137,0.6373,0.0223
665,22.167,-0.7253,0.5932,0.0223
666,22.2,-0.7339,0.5471,0.0227
667,22.233,-0.739,0.4997,0.0229
668,22.267,-0.7406,0.4517,0.0233
669,22.3,-0.739,0.404,0.0233
670,22.333,-0.734,0.3569,0.0232
671,22.367,-0.7255,0.3102,0.0232
672,22.4,-0.7135,0.2645,0.0233
673,22.433,-0.6982,0.2199,0.023
674,22.467,-0.6796,0.1768,0.0228
675,22.5,-0.6582,0.1355,0.0226
676,22.533,-0.6341,0.0967,0.022
677,22.567,-0.6071,0.0599,0.0219
678,22.6,-0.5779,0.0259,0.0221
679,22.633,-0.5476,-0.0047,0.0222
680,22.667,-0.5165,-0.0318,0.0224
681,22.7,-0.4856,-0.0551,0.023
682,22.733,-0.4563,-0.0744,0.0243
683,22.767,-0.4293,-0.0898,0.0262
684,22.8,-0.4044,-0.1018,0.0286
685,22.833,-0.3816,-0.1114,0.0316
686,22.867,-0.3606,-0.1188,0.0352
687,22.9,-0.3417,-0.1245,0.0391
688,22.933,-0.3253,-0.1288,0.0431
689,22.967,-0.3115,-0.1319,0.0468
690,23.0,-0.3003,-0.1342,0.05
691,23.033,-0.2918,-0.1356,0.0529
692,23.067,-0.2853,-0.1364,0.0557
693,23.1,-0.2798,-0.1366,0.0583
694,23.133,-0.2746,-0.1366,0.0606
695,23.167,-0.2706,-0.1369,0.0616
696,23.2,-0.2676,-0.1376,0.0612
697,23.233,-0.2655,-0.1383,0.0604
698,23.267,-0.2646,-0.1387,0.06
699,23.3,-0.2652,-0.1388,0.0598
700,23.333,-0.2669,-0.1386,0.0598
701,23.367,-0.2686,-0.1384,0.0596
702,23.4,-0.27,-0.1382,0.0593
703,23.433,-0.2707,-0.1381,0.0589
704,23.467,-0.2708,-0.1382,0.0583
705,23.5,-0.2705,-0.1383,0.0582
706,23.533,-0.2706,-0.1383,0.0584
707,23.567,-0.2717,-0.1381,0.0587
708,23.6,-0.2743,-0.1375,0.059
709,23.633,-0.2771,-0.1367,0.0591
710,23.667,-0.28,-0.1359,0.059
711,23.7,-0.2828,-0.1352,0.0586
712,23.733,-0.2849,-0.1348,0.0578
713,23.767,-0.2863,-0.1346,0.0571
714,23.8,-0.287,-0.1345,0.0565
715,23.833,-0.287,-0.1345,0.0562
716,23.867,-0.2863,-0.1345,0.0561
717,23.9,-0.2854,-0.1346,0.0563
