frame,time,elevation,plane,elbow,trunk_lean
0,0.0,32.66,0.11,14.63,0.37
1,0.033,32.17,-0.22,14.84,0.24
2,0.067,31.35,-0.32,14.89,0.16
3,0.1,30.2,-0.06,14.84,0.19
4,0.133,28.75,,14.94,0.19
5,0.167,27.02,,15.16,0.17
6,0.2,25.11,,15.45,0.17
7,0.233,23.04,,15.74,0.23
8,0.267,20.98,,16.06,0.34
9,0.3,18.99,,16.4,0.43
10,0.333,17.27,,16.82,0.47
11,0.367,15.88,,17.21,0.54
12,0.4,14.81,,17.38,0.63
13,0.433,14.11,,17.34,0.71
14,0.467,13.82,,16.75,0.83
15,0.5,13.98,,16.32,0.92
16,0.533,14.36,,16.01,1.02
17,0.567,14.91,,15.93,1.12
18,0.6,15.47,,15.83,1.26
19,0.633,15.97,,15.77,1.38
20,0.667,16.31,,15.46,1.46
21,0.7,16.51,,14.87,1.45
22,0.733,16.67,,14.07,1.39
23,0.767,17.02,,13.53,1.23
24,0.8,17.89,,13.5,1.06
25,0.833,19.41,,13.93,0.97
26,0.867,21.47,,14.54,0.97
27,0.9,24.05,,15.13,1.03
28,0.933,27.04,,15.82,1.07
29,0.967,30.19,-1.92,16.27,1.09
30,1.0,33.37,-1.55,16.31,1.11
31,1.033,36.59,-1.08,16.27,1.13
32,1.067,39.9,-0.76,16.45,1.15
33,1.1,43.35,-0.66,17.03,1.19
34,1.133,46.92,-0.61,17.89,1.21
35,1.167,50.66,-0.61,18.97,1.27
36,1.2,54.39,-0.51,20.07,1.29
37,1.233,58.03,-0.29,20.85,1.27
38,1.267,61.44,-0.02,21.3,1.28
39,1.3,64.62,0.28,21.44,1.25
40,1.333,67.51,0.73,21.37,1.23
41,1.367,70.15,1.19,21.19,1.2
42,1.4,72.52,1.66,20.91,1.18
43,1.433,74.67,2.19,20.55,1.14
44,1.467,76.64,2.65,20.16,1.09
45,1.5,78.45,3.06,19.72,1.02
46,1.533,80.19,3.4,19.29,0.93
47,1.567,81.87,3.64,18.91,0.84
48,1.6,83.65,3.98,18.36,0.75
49,1.633,85.54,4.34,17.66,0.65
50,1.667,87.48,4.69,16.79,0.55
51,1.7,89.44,5.12,15.71,0.46
52,1.733,91.5,5.5,14.55,0.36
53,1.767,93.66,5.85,13.36,0.26
54,1.8,95.84,6.15,12.28,0.17
55,1.833,98.07,6.37,11.29,0.11
56,1.867,100.21,6.47,10.5,0.07
57,1.9,102.23,6.54,9.83,0.09
58,1.933,104.09,6.57,9.31,0.11
59,1.967,105.76,6.56,8.89,0.13
60,2.0,107.3,6.55,8.65,0.19
61,2.033,108.69,6.45,8.67,0.28
62,2.067,109.92,6.48,8.59,0.35
63,2.1,111.09,6.55,8.49,0.41
64,2.133,112.22,6.67,8.4,0.47
65,2.167,113.34,6.79,8.4,0.52
66,2.2,114.34,6.97,8.38,0.57
67,2.233,115.25,7.15,8.37,0.61
68,2.267,116.09,7.27,8.34,0.66
69,2.3,116.9,7.39,8.23,0.72
70,2.333,117.73,7.59,7.85,0.77
71,2.367,118.61,7.84,7.37,0.81
72,2.4,119.55,8.11,6.85,0.83
73,2.433,120.44,8.39,6.36,0.86
74,2.467,121.36,8.51,6.13,0.9
75,2.5,122.23,8.69,5.96,0.92
76,2.533,123.01,8.83,5.97,0.95
77,2.567,123.88,9.07,5.99,0.95
78,2.6,124.82,9.38,6.02,0.95
79,2.633,125.76,9.7,6.19,0.95
80,2.667,126.76,10.15,6.23,0.95
81,2.7,127.77,10.61,6.31,0.96
82,2.733,128.73,11.03,6.56,0.98
83,2.767,129.71,11.34,6.83,1.01
84,2.8,130.64,11.68,7.09,1.06
85,2.833,131.51,12.13,7.21,1.11
86,2.867,132.33,12.62,7.18,1.18
87,2.9,133.12,12.99,7.14,1.26
88,2.933,133.96,13.33,7.04,1.35
89,2.967,134.72,13.67,7.05,1.43
90,3.0,135.32,13.93,7.16,1.53
91,3.033,135.92,14.23,7.27,1.62
92,3.067,136.53,14.47,7.43,1.7
93,3.1,137.08,14.77,7.58,1.77
94,3.133,137.54,15.05,7.7,1.85
95,3.167,137.91,15.29,7.86,1.9
96,3.2,138.24,15.46,7.99,1.96
97,3.233,138.47,15.59,8.16,2.01
98,3.267,138.59,15.69,8.32,2.06
99,3.3,138.56,15.78,8.49,2.1
100,3.333,138.46,15.8,8.62,2.12
101,3.367,138.31,15.78,8.63,2.15
102,3.4,138.06,15.72,8.6,2.16
103,3.433,137.77,15.57,8.51,2.16
104,3.467,137.37,15.36,8.45,2.14
105,3.5,136.95,15.12,8.33,2.07
106,3.533,136.38,14.74,8.21,1.99
107,3.567,135.68,14.3,8.08,1.9
108,3.6,134.81,13.83,7.89,1.81
109,3.633,133.77,13.45,7.57,1.71
110,3.667,132.66,13.12,7.14,1.61
111,3.7,131.4,12.67,6.8,1.51
112,3.733,130.01,12.28,6.39,1.42
113,3.767,128.46,11.84,6.08,1.36
114,3.8,126.8,11.4,5.81,1.31
115,3.833,125.02,10.98,5.54,1.27
116,3.867,123.18,10.56,5.28,1.23
117,3.9,121.17,10.05,5.18,1.2
118,3.933,119.05,9.55,5.15,1.19
119,3.967,116.78,9.06,5.23,1.18
120,4.0,114.41,8.62,5.36,1.2
121,4.033,111.93,8.16,5.58,1.22
122,4.067,109.31,7.73,5.78,1.23
123,4.1,106.61,7.28,6.11,1.23
124,4.133,103.67,6.86,6.46,1.23
125,4.167,100.69,6.6,6.67,1.21
126,4.2,97.52,6.21,7.03,1.2
127,4.233,94.39,5.91,7.34,1.19
128,4.267,91.12,5.62,7.54,1.17
129,4.3,87.81,5.29,7.79,1.13
130,4.333,84.36,4.94,8.11,1.06
131,4.367,80.73,4.59,8.5,1.03
132,4.4,77.04,4.21,8.98,0.99
133,4.433,73.2,3.75,9.51,0.94
134,4.467,69.17,3.45,9.77,0.9
135,4.5,65.09,3.27,9.81,0.87
136,4.533,60.91,3.12,9.75,0.84
137,4.567,56.72,3.21,9.31,0.8
138,4.6,52.57,3.61,8.49,0.79
139,4.633,48.54,4.06,7.64,0.8
140,4.667,44.62,4.59,6.71,0.84
141,4.7,40.89,5.2,5.94,0.88
142,4.733,37.36,5.84,5.45,0.9
143,4.767,34.06,6.3,5.31,0.93
144,4.8,31.03,6.62,5.4,0.92
145,4.833,28.32,,5.64,0.94
146,4.867,25.86,,6.23,0.98
147,4.9,23.71,,6.93,1.02
148,4.933,21.81,,7.68,1.05
149,4.967,20.09,,8.33,1.06
150,5.0,18.6,,8.97,1.08
151,5.033,17.23,,9.47,1.09
152,5.067,15.98,,9.87,1.1
153,5.1,14.89,,10.18,1.1
154,5.133,13.98,,10.4,1.12
155,5.167,13.29,,10.75,1.15
156,5.2,12.81,,11.11,1.22
157,5.233,12.63,,11.65,1.29
158,5.267,12.72,,12.27,1.36
159,5.3,12.81,,12.83,1.43
160,5.333,12.9,,13.24,1.48
161,5.367,12.9,,13.41,1.53
162,5.4,12.83,,13.43,1.57
163,5.433,12.79,,13.46,1.6
164,5.467,12.76,,13.56,1.6
165,5.5,12.73,,13.59,1.6
166,5.533,12.68,,13.56,1.6
167,5.567,12.68,,13.49,1.6
168,5.6,12.63,,13.4,1.59
169,5.633,12.62,,13.42,1.58
170,5.667,12.59,,13.44,1.59
171,5.7,12.59,,13.51,1.59
172,5.733,12.58,,13.54,1.58
173,5.767,12.63,,13.61,1.58
174,5.8,12.62,,13.64,1.56
175,5.833,12.61,,13.62,1.54
176,5.867,12.65,,13.53,1.52
177,5.9,12.65,,13.18,1.51
178,5.933,12.54,,12.59,1.51
179,5.967,12.46,,11.97,1.51
180,6.0,12.62,,11.5,1.5
181,6.033,12.93,,10.88,1.5
182,6.067,13.37,,10.28,1.48
183,6.1,14.0,,9.86,1.43
184,6.133,15.02,,9.96,1.36
185,6.167,16.23,,10.12,1.28
186,6.2,17.73,,10.09,1.23
187,6.233,19.49,,9.95,1.17
188,6.267,21.51,,9.61,1.15
189,6.3,23.72,,9.17,1.14
190,6.333,26.13,,8.82,1.15
191,6.367,28.71,,8.56,1.16
192,6.4,31.47,5.76,8.44,1.17
193,6.433,34.34,6.02,8.55,1.22
194,6.467,37.21,6.18,8.67,1.22
195,6.5,40.08,6.12,8.94,1.24
196,6.533,42.84,5.91,9.17,1.24
197,6.567,45.38,5.69,9.29,1.25
198,6.6,47.65,5.42,9.32,1.18
199,6.633,49.77,5.17,9.33,1.12
200,6.667,51.7,5.05,9.23,1.05
201,6.7,53.53,5.0,9.0,1.01
202,6.733,55.38,5.04,8.69,0.98
203,6.767,57.16,5.01,8.46,0.97
204,6.8,58.82,4.96,8.28,0.96
205,6.833,60.42,4.94,8.22,0.93
206,6.867,61.99,5.06,8.08,0.91
207,6.9,63.62,5.24,7.81,0.89
208,6.933,65.39,5.5,7.42,0.89
209,6.967,67.24,5.63,7.22,0.91
210,7.0,69.15,5.6,7.32,0.92
211,7.033,71.17,5.5,7.78,0.92
212,7.067,73.36,5.51,8.24,0.9
213,7.1,75.61,5.64,8.56,0.89
214,7.133,77.98,5.82,8.78,0.89
215,7.167,80.42,6.07,8.88,0.91
216,7.2,82.86,6.31,8.97,0.91
217,7.233,85.18,6.44,9.1,0.92
218,7.267,87.44,6.59,9.1,0.91
219,7.3,89.65,6.72,8.99,0.9
220,7.333,91.83,6.9,8.69,0.88
221,7.367,93.94,7.05,8.34,0.87
222,7.4,95.96,7.15,7.99,0.86
223,7.433,97.9,7.18,7.72,0.87
224,7.467,99.74,7.21,7.51,0.88
225,7.5,101.55,7.24,7.32,0.89
226,7.533,103.3,7.36,6.96,0.9
227,7.567,105.01,7.5,6.58,0.91
228,7.6,106.65,7.61,6.23,0.93
229,7.633,108.21,7.72,5.88,0.97
230,7.667,109.64,7.87,5.56,1.0
231,7.7,110.98,8.02,5.4,1.03
232,7.733,112.24,8.13,5.35,1.06
233,7.767,113.45,8.32,5.29,1.09
234,7.8,114.65,8.6,5.2,1.12
235,7.833,115.81,8.87,5.2,1.15
236,7.867,116.87,9.17,5.22,1.19
237,7.9,117.88,9.51,5.27,1.22
238,7.933,118.9,9.92,5.19,1.26
239,7.967,119.97,10.33,5.1,1.28
240,8.0,121.05,10.79,4.95,1.32
241,8.033,122.13,11.25,4.9,1.35
242,8.067,123.15,11.61,5.01,1.4
243,8.1,124.12,11.91,5.38,1.46
244,8.133,125.15,12.3,5.69,1.53
245,8.167,126.19,12.86,5.91,1.59
246,8.2,127.25,13.43,6.12,1.65
247,8.233,128.3,13.99,6.36,1.72
248,8.267,129.41,14.53,6.55,1.79
249,8.3,130.55,15.19,6.63,1.85
250,8.333,131.67,15.88,6.64,1.9
251,8.367,132.79,16.58,6.65,1.97
252,8.4,133.92,17.28,6.6,2.04
253,8.433,135.02,17.88,6.61,2.11
254,8.467,136.04,18.44,6.67,2.18
255,8.5,136.88,18.76,7.04,2.25
256,8.533,137.71,18.98,7.39,2.34
257,8.567,138.46,19.29,7.82,2.4
258,8.6,139.11,19.62,8.24,2.44
259,8.633,139.69,19.94,8.63,2.49
260,8.667,140.22,20.26,8.9,2.53
261,8.7,140.65,20.67,9.05,2.56
262,8.733,140.88,21.02,9.33,2.59
263,8.767,141.04,21.28,9.44,2.6
264,8.8,141.06,21.45,9.48,2.62
265,8.833,140.91,21.48,9.5,2.64
266,8.867,140.55,21.26,9.6,2.66
267,8.9,140.03,20.87,9.67,2.68
268,8.933,139.34,20.47,9.65,2.65
269,8.967,138.39,19.85,9.63,2.64
270,9.0,137.27,19.18,9.49,2.62
271,9.033,135.95,18.32,9.38,2.58
272,9.067,134.43,17.38,9.27,2.54
273,9.1,132.89,16.44,8.93,2.5
274,9.133,131.13,15.52,8.6,2.46
275,9.167,129.12,14.64,8.29,2.44
276,9.2,126.91,13.81,8.04,2.42
277,9.233,124.52,13.06,7.76,2.41
278,9.267,121.98,12.45,7.48,2.38
279,9.3,119.15,11.79,7.4,2.39
280,9.333,116.19,11.19,7.42,2.38
281,9.367,113.02,10.63,7.53,2.38
282,9.4,109.67,10.05,7.77,2.37
283,9.433,106.17,9.58,7.8,2.34
284,9.467,102.6,9.15,7.74,2.28
285,9.5,98.9,8.66,7.69,2.23
286,9.533,95.06,8.2,7.54,2.14
287,9.567,91.21,7.77,7.36,2.03
288,9.6,87.09,7.36,7.17,1.91
289,9.633,82.99,6.99,7.04,1.78
290,9.667,78.79,6.64,6.93,1.64
291,9.7,74.45,6.29,6.84,1.5
292,9.733,70.17,6.19,6.51,1.33
293,9.767,65.97,6.08,6.22,1.16
294,9.8,61.75,6.1,5.98,0.98
295,9.833,57.65,6.31,5.63,0.81
296,9.867,53.62,6.71,5.13,0.65
297,9.9,49.72,7.13,4.63,0.5
298,9.933,45.98,7.42,4.35,0.38
299,9.967,42.45,7.66,4.18,0.27
300,10.0,39.16,7.9,3.99,0.26
301,10.033,36.18,8.23,3.88,0.4
302,10.067,33.37,8.36,3.99,0.58
303,10.1,30.73,8.46,4.24,0.78
304,10.133,28.28,,4.52,0.96
305,10.167,26.07,,4.87,1.1
306,10.2,24.09,,5.22,1.23
307,10.233,22.31,,5.57,1.36
308,10.267,20.72,,5.88,1.49
309,10.3,19.3,,6.07,1.58
310,10.333,18.08,,6.04,1.67
311,10.367,17.02,,5.99,1.74
312,10.4,16.16,,6.08,1.81
313,10.433,15.42,,6.42,1.88
314,10.467,14.84,,6.97,1.95
315,10.5,14.4,,7.72,2.0
316,10.533,14.08,,8.45,2.06
317,10.567,13.89,,9.17,2.11
318,10.6,13.85,,9.96,2.16
319,10.633,13.88,,10.62,2.2
320,10.667,13.96,,11.06,2.23
321,10.7,13.96,,11.15,2.25
322,10.733,13.87,,11.02,2.27
323,10.767,13.79,,10.96,2.27
324,10.8,13.72,,10.96,2.27
325,10.833,13.62,,10.86,2.27
326,10.867,13.5,,10.71,2.26
327,10.9,13.43,,10.63,2.26
328,10.933,13.44,,10.69,2.26
329,10.967,13.47,,10.67,2.26
330,11.0,13.49,,10.66,2.23
331,11.033,13.51,,10.56,2.2
332,11.067,13.54,,10.36,2.15
333,11.1,13.66,,10.07,2.09
334,11.133,13.84,,9.7,2.01
335,11.167,14.12,,9.21,1.93
336,11.2,14.65,,8.78,1.84
337,11.233,15.44,,8.54,1.74
338,11.267,16.52,,8.46,1.64
339,11.3,17.89,,8.49,1.55
340,11.333,19.5,,8.49,1.48
341,11.367,21.27,,8.3,1.43
342,11.4,23.22,,8.11,1.38
343,11.433,25.36,,8.05,1.33
344,11.467,27.66,,8.05,1.3
345,11.5,30.1,7.2,8.11,1.26
346,11.533,32.7,6.7,8.21,1.22
347,11.567,35.54,6.32,8.33,1.23
348,11.6,38.64,6.08,8.37,1.22
349,11.633,42.01,5.81,8.52,1.23
350,11.667,45.62,5.66,8.65,1.25
351,11.7,49.51,5.64,8.74,1.26
352,11.733,53.58,5.62,8.9,1.28
353,11.767,57.77,5.6,9.05,1.31
354,11.8,61.96,5.51,9.25,1.34
355,11.833,66.02,5.46,9.31,1.36
356,11.867,69.93,5.43,9.29,1.35
357,11.9,73.6,5.45,9.19,1.33
358,11.933,77.01,5.43,9.03,1.31
359,11.967,80.22,5.42,8.83,1.29
360,12.0,83.32,5.49,8.35,1.29
361,12.033,86.4,5.74,7.5,1.3
362,12.067,89.44,5.99,6.54,1.35
363,12.1,92.42,6.24,5.68,1.4
364,12.133,95.28,6.38,5.05,1.45
365,12.167,98.0,6.52,4.64,1.48
366,12.2,100.46,6.62,4.55,1.49
367,12.233,102.84,6.77,4.66,1.48
368,12.267,105.05,7.02,4.84,1.46
369,12.3,107.1,7.23,5.02,1.45
370,12.333,109.01,7.54,5.09,1.43
371,12.367,110.82,7.94,5.05,1.42
372,12.4,112.57,8.43,4.88,1.44
373,12.433,114.24,9.0,4.64,1.45
374,12.467,115.85,9.64,4.41,1.45
375,12.5,117.36,10.32,4.18,1.45
376,12.533,118.79,10.82,4.36,1.46
377,12.567,120.16,11.24,4.74,1.46
378,12.6,121.51,11.71,5.15,1.45
379,12.633,122.88,12.29,5.41,1.44
380,12.667,124.26,12.92,5.56,1.43
381,12.7,125.66,13.67,5.41,1.39
382,12.733,127.14,14.51,5.02,1.37
383,12.767,128.67,15.39,4.52,1.35
384,12.8,130.18,16.23,4.12,1.35
385,12.833,131.75,17.21,3.68,1.36
386,12.867,133.32,18.38,3.24,1.37
387,12.9,134.94,19.7,2.89,1.38
388,12.933,136.43,21.05,2.89,1.38
389,12.967,137.78,22.35,3.28,1.39
390,13.0,138.97,23.52,4.1,1.38
391,13.033,140.01,24.79,5.26,1.34
392,13.067,140.94,26.19,6.47,1.29
393,13.1,141.82,27.76,7.58,1.26
394,13.133,142.63,29.36,8.54,1.23
395,13.167,143.39,30.78,9.24,1.22
396,13.2,143.88,31.9,9.88,1.23
397,13.233,144.15,32.54,10.42,1.23
398,13.267,144.21,32.86,10.66,1.21
399,13.3,143.98,32.73,10.85,1.19
400,13.333,143.65,32.34,10.65,1.18
401,13.367,143.16,31.74,10.22,1.19
402,13.4,142.64,30.94,9.53,1.22
403,13.433,142.06,29.92,8.79,1.25
404,13.467,141.4,28.72,8.0,1.27
405,13.5,140.58,27.35,7.17,1.29
406,13.533,139.65,25.92,6.33,1.3
407,13.567,138.46,24.42,5.58,1.29
408,13.6,137.02,22.89,4.89,1.27
409,13.633,135.23,21.36,4.4,1.24
410,13.667,133.21,20.01,3.83,1.19
411,13.7,130.92,18.7,3.34,1.14
412,13.733,128.39,17.44,2.97,1.11
413,13.767,125.62,16.24,2.73,1.07
414,13.8,122.56,15.01,2.73,1.05
415,13.833,119.27,13.89,2.89,1.01
416,13.867,115.64,12.83,3.02,1.0
417,13.9,111.91,11.77,3.22,0.97
418,13.933,107.97,10.91,3.14,0.96
419,13.967,103.97,10.04,3.18,0.96
420,14.0,99.97,9.24,3.18,0.97
421,14.033,95.86,8.44,3.04,0.99
422,14.067,91.7,7.67,2.83,1.03
423,14.1,87.58,6.84,2.81,1.05
424,14.133,83.5,6.19,2.75,1.04
425,14.167,79.35,5.68,2.69,1.04
426,14.2,75.18,5.11,2.71,1.03
427,14.233,70.93,4.64,2.58,1.02
428,14.267,66.56,4.29,2.27,1.01
429,14.3,62.23,4.22,2.16,1.0
430,14.333,57.91,4.09,1.93,1.01
431,14.367,53.59,4.02,1.75,1.04
432,14.4,49.34,4.36,1.54,1.05
433,14.433,45.2,5.02,1.46,1.05
434,14.467,41.19,5.52,1.35,1.07
435,14.5,37.34,6.08,1.38,1.1
436,14.533,33.72,6.92,1.48,1.1
437,14.567,30.43,7.75,1.72,1.13
438,14.6,27.53,,2.17,1.17
439,14.633,25.05,,2.8,1.23
440,14.667,22.93,,3.32,1.29
441,14.7,21.23,,3.66,1.38
442,14.733,19.88,,4.05,1.49
443,14.767,18.79,,4.55,1.61
444,14.8,17.85,,5.13,1.75
445,14.833,17.01,,5.71,1.88
446,14.867,16.27,,6.3,2.0
447,14.9,15.56,,6.7,2.1
448,14.933,14.89,,7.02,2.17
449,14.967,14.29,,7.42,2.24
450,15.0,13.89,,8.11,2.3
451,15.033,13.66,,8.89,2.36
452,15.067,13.58,,9.68,2.43
453,15.1,13.54,,10.14,2.48
454,15.133,13.48,,10.24,2.5
455,15.167,13.5,,10.18,2.51
456,15.2,13.58,,10.16,2.5
457,15.233,13.74,,10.18,2.49
458,15.267,13.88,,10.04,2.48
459,15.3,14.0,,9.7,2.46
460,15.333,14.09,,9.14,2.43
461,15.367,14.28,,8.6,2.35
462,15.4,14.61,,7.97,2.26
463,15.433,15.18,,7.16,2.16
464,15.467,16.11,,6.36,2.04
465,15.5,17.41,,5.63,1.95
466,15.533,19.09,,4.89,1.89
467,15.567,21.2,,4.32,1.85
468,15.6,23.76,,3.99,1.83
469,15.633,26.8,,4.09,1.83
470,15.667,30.22,13.55,4.62,1.81
471,15.7,33.95,12.71,5.07,1.82
472,15.733,37.94,12.05,5.4,1.87
473,15.767,42.09,11.44,5.66,1.9
474,15.8,46.26,10.93,5.8,1.95
475,15.833,50.51,10.48,6.04,1.97
476,15.867,54.85,10.2,6.42,1.97
477,15.9,59.2,9.97,6.92,1.97
478,15.933,63.55,9.9,7.26,1.95
479,15.967,67.94,10.0,7.42,1.94
480,16.0,72.3,10.04,7.48,1.93
481,16.033,76.6,10.1,7.32,1.94
482,16.067,80.81,10.18,6.95,1.95
483,16.1,84.84,10.25,6.49,1.97
484,16.133,88.68,10.2,6.09,2.02
485,16.167,92.36,10.25,5.73,2.04
486,16.2,95.79,10.13,5.68,2.07
487,16.233,99.05,10.13,5.64,2.09
488,16.267,102.11,10.16,5.52,2.1
489,16.3,105.07,10.3,5.34,2.11
490,16.333,107.89,10.43,5.06,2.13
491,16.367,110.65,10.7,4.54,2.15
492,16.4,113.33,11.02,3.9,2.18
493,16.433,115.96,11.36,3.25,2.22
494,16.467,118.46,11.81,2.57,2.26
495,16.5,120.84,12.25,2.14,2.3
496,16.533,123.04,12.65,1.97,2.34
497,16.567,125.02,13.07,2.03,2.38
498,16.6,126.81,13.49,2.32,2.42
499,16.633,128.39,13.98,2.65,2.46
500,16.667,129.89,14.55,2.85,2.51
501,16.7,131.33,15.14,3.02,2.56
502,16.733,132.76,15.8,3.06,2.62
503,16.767,134.15,16.46,3.1,2.68
504,16.8,135.46,17.05,3.31,2.72
505,16.833,136.72,17.6,3.72,2.76
506,16.867,137.83,18.07,4.44,2.78
507,16.9,138.88,18.54,5.17,2.8
508,16.933,139.95,19.08,5.77,2.81
509,16.967,141.0,19.66,6.27,2.81
510,17.0,142.02,20.26,6.73,2.82
511,17.033,142.98,20.82,7.16,2.83
512,17.067,143.91,21.39,7.51,2.84
513,17.1,144.67,22.0,7.95,2.83
514,17.133,145.23,22.42,8.52,2.82
515,17.167,145.62,22.68,9.09,2.82
516,17.2,145.79,22.9,9.57,2.8
517,17.233,145.74,23.04,9.88,2.81
518,17.267,145.55,23.11,9.91,2.8
519,17.3,145.18,23.08,9.65,2.79
520,17.333,144.61,22.92,9.33,2.77
521,17.367,143.83,22.62,8.96,2.73
522,17.4,142.85,22.16,8.56,2.7
523,17.433,141.63,21.51,8.22,2.68
524,17.467,140.2,20.81,7.91,2.65
525,17.5,138.46,20.06,7.65,2.62
526,17.533,136.48,19.28,7.49,2.58
527,17.567,134.3,18.51,7.2,2.55
528,17.6,131.83,17.82,6.94,2.49
529,17.633,129.16,17.16,6.64,2.45
530,17.667,126.3,16.38,6.35,2.44
531,17.7,123.22,15.68,6.02,2.44
532,17.733,119.99,15.02,5.59,2.44
533,17.767,116.67,14.42,5.04,2.45
534,17.8,113.24,13.82,4.49,2.44
535,17.833,109.66,13.17,3.97,2.45
536,17.867,106.13,12.58,3.4,2.45
537,17.9,102.41,11.9,3.16,2.44
538,17.933,98.6,11.31,2.89,2.43
539,17.967,94.67,10.85,2.69,2.4
540,18.0,90.69,10.5,2.6,2.37
541,18.033,86.54,10.11,2.62,2.35
542,18.067,82.38,9.72,2.72,2.33
543,18.1,78.28,9.5,2.78,2.26
544,18.133,74.11,9.4,2.69,2.19
545,18.167,70.02,9.39,2.66,2.11
546,18.2,65.91,9.39,2.56,2.05
547,18.233,61.88,9.69,2.26,1.98
548,18.267,57.76,10.04,1.98,1.93
549,18.3,53.56,10.23,1.75,1.89
550,18.333,49.47,10.63,1.55,1.83
551,18.367,45.51,11.31,1.41,1.77
552,18.4,41.6,12.01,1.33,1.73
553,18.433,37.83,12.71,1.29,1.7
554,18.467,34.24,13.45,1.32,1.66
555,18.5,30.91,14.41,1.42,1.63
556,18.533,27.92,,1.58,1.61
557,18.567,25.33,,1.81,1.6
558,18.6,23.07,,2.17,1.57
559,18.633,21.23,,3.0,1.58
560,18.667,19.8,,4.16,1.62
561,18.7,18.72,,5.55,1.67
562,18.733,17.89,,7.08,1.75
563,18.767,17.26,,8.47,1.85
564,18.8,16.74,,9.3,1.95
565,18.833,16.35,,9.71,2.03
566,18.867,16.03,,9.84,2.13
567,18.9,15.75,,9.82,2.2
568,18.933,15.48,,9.89,2.28
569,18.967,15.18,,10.0,2.31
570,19.0,14.87,,10.19,2.34
571,19.033,14.56,,10.33,2.34
572,19.067,14.28,,10.39,2.33
573,19.1,14.06,,10.47,2.31
574,19.133,14.0,,10.5,2.3
575,19.167,14.05,,10.45,2.28
576,19.2,14.18,,10.31,2.26
577,19.233,14.41,,10.1,2.22
578,19.267,14.72,,9.91,2.19
579,19.3,15.09,,9.71,2.14
580,19.333,15.68,,9.31,2.05
581,19.367,16.59,,8.71,1.98
582,19.4,17.81,,8.02,1.93
583,19.433,19.33,,7.08,1.88
584,19.467,21.13,,6.13,1.86
585,19.5,23.2,,5.4,1.86
586,19.533,25.57,,4.82,1.87
587,19.567,28.08,,4.57,1.86
588,19.6,30.73,14.15,4.63,1.88
589,19.633,33.47,13.5,4.87,1.89
590,19.667,36.32,12.96,5.21,1.88
591,19.7,39.25,12.53,5.55,1.89
592,19.733,42.21,12.14,5.92,1.91
593,19.767,45.19,11.76,6.3,1.92
594,19.8,48.17,11.46,6.61,1.95
595,19.833,51.2,11.23,6.89,1.99
596,19.867,54.2,11.05,7.08,2.02
597,19.9,57.2,10.86,7.3,2.09
598,19.933,60.21,10.76,7.4,2.13
599,19.967,63.24,10.8,7.34,2.19
600,20.0,66.17,10.9,7.17,2.25
601,20.033,69.07,10.98,6.98,2.31
602,20.067,71.84,11.06,6.83,2.37
603,20.1,74.51,11.09,6.69,2.44
604,20.133,77.07,11.16,6.49,2.51
605,20.167,79.51,11.25,6.24,2.56
606,20.2,81.87,11.37,5.99,2.64
607,20.233,84.16,11.51,5.72,2.69
608,20.267,86.36,11.63,5.55,2.75
609,20.3,88.5,11.84,5.29,2.81
610,20.333,90.63,12.01,5.13,2.84
611,20.367,92.76,12.14,5.03,2.86
612,20.4,94.95,12.26,4.96,2.88
613,20.433,97.24,12.49,4.72,2.89
614,20.467,99.55,12.76,4.4,2.89
615,20.5,101.88,13.09,4.08,2.88
616,20.533,104.17,13.36,3.87,2.87
617,20.567,106.43,13.62,3.72,2.87
618,20.6,108.69,13.97,3.46,2.86
619,20.633,110.85,14.31,3.21,2.86
620,20.667,113.0,14.75,2.93,2.86
621,20.7,115.07,15.17,2.75,2.86
622,20.733,116.99,15.62,2.66,2.85
623,20.767,118.89,16.11,2.66,2.86
624,20.8,120.63,16.64,2.69,2.87
625,20.833,122.34,17.21,2.74,2.87
626,20.867,123.96,17.83,2.78,2.88
627,20.9,125.47,18.41,2.96,2.89
628,20.933,126.89,18.99,3.27,2.89
629,20.967,128.28,19.59,3.55,2.92
630,21.0,129.63,20.13,3.94,2.95
631,21.033,130.91,20.71,4.45,2.99
632,21.067,132.08,21.22,5.23,3.01
633,21.1,133.28,21.67,6.17,3.02
634,21.133,134.41,22.17,7.17,3.01
635,21.167,135.62,22.85,7.9,3.01
636,21.2,136.85,23.57,8.53,3.0
637,21.233,138.02,24.36,9.06,3.0
638,21.267,139.19,25.04,9.53,3.01
639,21.3,140.33,25.78,9.84,3.01
640,21.333,141.37,26.48,10.09,3.0
641,21.367,142.31,27.01,10.34,3.03
642,21.4,143.07,27.37,10.71,3.04
643,21.433,143.59,27.42,11.34,3.04
644,21.467,143.87,27.39,11.91,3.06
645,21.5,143.91,27.39,12.26,3.05
646,21.533,143.75,27.33,12.24,3.04
647,21.567,143.38,27.1,11.96,3.03
648,21.6,142.76,26.66,11.6,3.02
649,21.633,141.87,26.06,11.2,3.0
650,21.667,140.78,25.28,10.69,2.98
651,21.7,139.48,24.15,10.23,2.95
652,21.733,138.04,22.79,9.67,2.9
653,21.767,136.33,21.33,9.07,2.85
654,21.8,134.36,19.78,8.46,2.8
655,21.833,132.16,18.33,7.76,2.73
656,21.867,129.74,16.96,7.04,2.66
657,21.9,127.05,15.72,6.42,2.57
658,21.933,124.06,14.65,5.84,2.5
659,21.967,120.79,13.71,5.47,2.43
660,22.0,117.24,12.79,5.18,2.41
661,22.033,113.61,12.03,4.84,2.38
662,22.067,109.85,11.44,4.53,2.34
663,22.1,105.93,10.61,4.89,2.31
664,22.133,101.91,9.6,5.76,2.26
665,22.167,97.64,8.73,6.67,2.2
666,22.2,93.35,7.92,7.62,2.14
667,22.233,89.08,7.34,8.26,2.06
668,22.267,84.85,6.91,8.59,2.01
669,22.3,80.59,6.57,8.68,1.93
670,22.333,76.33,6.49,8.34,1.83
671,22.367,72.08,6.41,7.98,1.74
672,22.4,67.79,6.3,7.62,1.64
673,22.433,63.47,6.53,6.83,1.53
674,22.467,59.21,6.67,6.25,1.42
675,22.5,54.95,6.75,5.62,1.31
676,22.533,50.73,7.03,4.77,1.19
677,22.567,46.58,7.36,4.1,1.11
678,22.6,42.54,7.5,3.63,1.07
679,22.633,38.63,7.67,3.22,1.02
680,22.667,34.88,8.1,2.76,1.0
681,22.7,31.4,8.55,2.53,0.97
682,22.733,28.24,,2.54,1.0
683,22.767,25.43,,2.78,1.05
684,22.8,22.91,,3.29,1.1
685,22.833,20.7,,3.97,1.17
686,22.867,18.83,,5.01,1.23
687,22.9,17.27,,6.21,1.29
688,22.933,15.99,,7.34,1.33
689,22.967,15.02,,8.35,1.37
690,23.0,14.28,,9.22,1.44
691,23.033,13.78,,9.97,1.52
692,23.067,13.55,,10.86,1.63
693,23.1,13.38,,11.76,1.71
694,23.133,13.24,,12.56,1.77
695,23.167,12.98,,12.87,1.79
696,23.2,12.76,,12.92,1.81
697,23.233,12.66,,12.98,1.84
698,23.267,12.66,,13.04,1.87
699,23.3,12.74,,13.01,1.91
700,23.333,12.84,,12.86,1.95
701,23.367,12.84,,12.67,1.99
702,23.4,12.85,,12.5,2.02
703,23.433,12.88,,12.44,2.05
704,23.467,12.89,,12.37,2.08
705,23.5,12.86,,12.36,2.11
706,23.533,12.83,,12.31,2.14
707,23.567,12.84,,12.16,2.15
708,23.6,12.9,,11.99,2.16
709,23.633,13.1,,11.99,2.17
710,23.667,13.34,,12.0,2.17
711,23.7,13.51,,11.88,2.16
712,23.733,13.62,,11.68,2.16
713,23.767,13.62,,11.43,2.15
714,23.8,13.61,,11.26,2.15
715,23.833,13.57,,11.23,2.14
716,23.867,13.54,,11.32,2.12
717,23.9,13.5,,11.43,2.09
